filename,product_name,price_default,price_card,price_discount,barcode,discount_amount,id_sku,print_datetime,code,additional_info,color,special_symbols,frame_timestamp,x_min,y_min,x_max,y_max,qr_code_barcode,price1_qr,price2_qr,price3_qr,price4_qr,wholesale_level_1_count,wholesale_level_1_price,wholesale_level_2_count,wholesale_level_2_price,action_price_qr,action_code_qr
track_00000,Buno Bm0 EMHO Bиo,,,,,нет,,,,GRILLWNE; cpаpнсe 6en; сраpнсe 6en; cpAupнce 6en; cpаupнcs 6en; oemce6en; Gen; cpоupс; cyx.(Pocc) 1L; cyx.(Poccaa); Len; (PoCc)1L; GMno; EMno; cpoe; (Pocca); Bи1o; сроврс; Cpo; (Pocc); cpоарс; GRILLWDNE; GM10; GMo; 6en; сроерх; cроер; (Pocc) 1L; Cro,promo,standard,нет,0,0,261,240,нет,нет,нет,нет,нет,нет,нет,нет,нет,нет,нет
track_00002,,,,,,нет,,,,нет,promo,standard,нет,0,0,211,228,нет,нет,нет,нет,нет,нет,нет,нет,нет,нет,нет
track_00003,бe3 6e3 б83 C60,603.32,нет,3.63,,нет,,,,3-=2; C603; 6es; CC3T; C0DT2; C0D2; G603; CC3T2,promo,standard,нет,0,0,218,216,нет,нет,нет,нет,нет,нет,нет,нет,нет,нет,нет
track_00012,3 по цене 2 по цене 2 по цене от цены без,,,,,нет,,,,3 по цене 2; по цене 2; по цене; от цены без; отцены; от цены; 6e3; карты,promo,standard,нет,0,0,256,248,нет,нет,нет,нет,нет,нет,нет,нет,нет,нет,нет
track_00014,3поцене цене2 3поцене2 поцене2,7189.39,нет,11.89,,нет,,,,3 поцене2; отценыбез; 6e3; отцены; отценыбе; цеHы; от цены без; корты; корT; корт; цены; отцены без; отцены бе; 3 поцене; 3 по цене2,promo,standard,нет,0,0,218,211,нет,нет,нет,нет,нет,нет,нет,нет,нет,нет,нет
track_00028,BO TORO BO TORD 6en07 6en q7,659.92,нет,1.97,,нет,,,,BO TORO; BO TORD; 6en q7; 6n9; (AT)1; (AT)1L; APT; (A2DT)1L; A)L; A2T)1L; A2P; 031L,promo,standard,нет,0,0,272,242,нет,нет,нет,нет,нет,нет,нет,нет,нет,нет,нет
track_00030,GRLLWINE GRILLWINE RLLWNE cpaо2p0,290.11,нет,1.11,,29%,,,,cpооpо; 6en; cpoo; cyx.(Poco) 1L; (Pocoe) 1L; Cno; CYk; (Pocoe); CRLLWINE; SYE; &en; p0p2p0; cpooapo 6en; cpoospoe6en; (Pocc) 1L; MNE; cy (Pocc) 1L; cyx(Poco) 1L; Bmo; cpоopc; cyr(Pocc; CYR,promo,discount_percent,нет,0,0,268,226,нет,нет,нет,нет,нет,нет,нет,нет,нет,нет,нет
track_00031,3 по цене 2 3 по цене по цене от цены без,,,,,нет,,,,3 по цене 2; 3 по цене; по цене; от цены без; 6е3; отцены; от цены; бе3; 6e3; карты; цены без,promo,standard,нет,0,0,255,237,нет,нет,нет,нет,нет,нет,нет,нет,нет,нет,нет
track_00045,Mnare Mnara Miare Muara,,,,,нет,,,,Mnaro; Gnnza; 6nnxa; 6nnza,promo,standard,нет,0,0,267,265,нет,нет,нет,нет,нет,нет,нет,нет,нет,нет,нет
track_00049,,,,,,нет,,,,нет,promo,standard,нет,0,0,207,197,нет,нет,нет,нет,нет,нет,нет,нет,нет,нет,нет
track_00054,по цене 2 3 по цене 2 цене 6e3,нет,нет,3.63,,нет,,,,3 по цене 2; по цене 2; тиеннбез; ценн без; от цены; цены; отцены; кСрТЫ; по цене; керТЫ; от цены без; ценыбез,promo,standard,нет,0,0,329,266,нет,нет,нет,нет,нет,нет,нет,нет,нет,нет,нет
track_00059,,33.19,нет,30.19,,нет,,,,нет,promo,standard,нет,0,0,243,212,нет,нет,нет,нет,нет,нет,нет,нет,нет,нет,нет
track_00063,Mkoro MMoro Mnoro Mncro,,,,,нет,,,,6елxа; 6елха; белка; 6елка; Ммоrо; Ммоro,promo,standard,нет,0,0,258,221,нет,нет,нет,нет,нет,нет,нет,нет,нет,нет,нет
track_00067,,нет,нет,15.15,,нет,,,,нет,promo,standard,нет,0,0,161,210,нет,нет,нет,нет,нет,нет,нет,нет,нет,нет,нет
track_00075,BKHO BO TORD BNO TORD TORD,нет,нет,219.21,,нет,,,,BO TORD; BNO TORD; BRNO; Tne; TORO; Tnte; Trte; co0; Cp0; (AproNTu); (Apromu; (APrONTod; Tre,promo,standard,нет,0,0,294,244,нет,нет,нет,нет,нет,нет,нет,нет,нет,нет,нет
track_00089,3по цене 3поцен З по цене поцене,нет,нет,15.15,,нет,,,,3по цене; З по цене; по цене; ноцен; ценe; цerу; cery; цery; цекы; цexу; цеHH; вев4; цекH; EKH; картЫ; KGP; керты; CEHH; KCP; цен; ксртЫ; CEKH; KaP; 3no,promo,standard; discount_percent,нет,0,0,374,277,нет,нет,нет,нет,нет,нет,нет,нет,нет,нет,нет
track_00097,3поцене2 3 поцене2 3 поцене 3поцене 2,32.63,нет,32.32,,нет,,,,3 поцене2; 3 поцене; 3поцене 2; пощцене-; отцены; цены; 3 поцене 2; 6e3; от цены; 3 по цене2; цены без; карты; от цены без; 3 по цене 2; OTL; KаDты,promo,standard,нет,0,0,247,228,нет,нет,нет,нет,нет,нет,нет,нет,нет,нет,нет
track_00106,GLLAOE F00a GRLLAOS,,,,,нет,,,,нет,promo,standard,нет,0,0,311,261,нет,нет,нет,нет,нет,нет,нет,нет,нет,нет,нет
track_00117,3 поцене2 З поцене2 3поцене 2 3поцене2,63.63,нет,32.63,,нет,,,,3 по цене2; 3 поцене2; 3 по цене 2; отцены; от цены; карты; 3 поцене 2; от цены без; З поцене2; 3поцене 2; 6e3; цены; 3 поене2; 3 пошене2; 3 поцене; цены без; корты; KODT; 3 по цене; 3 пощене2; от цены бе; KOOTЫ,promo,standard; discount_percent,нет,0,0,233,211,нет,нет,нет,нет,нет,нет,нет,нет,нет,нет,нет
track_00118,,,,,,нет,,,,нет,promo,standard,нет,0,0,156,157,нет,нет,нет,нет,нет,нет,нет,нет,нет,нет,нет
track_00121,,,,,,нет,,,,нет,promo,standard,нет,0,0,172,215,нет,нет,нет,нет,нет,нет,нет,нет,нет,нет,нет
track_00122,CoUma Hталoапо LTSCOUma TSCOUNM.,16.16,нет,1.10,38902122611,10%,,,,U2AM; 6е33 (Pасо; 1AS; GCOAA; LTOCOUan.; U2M; M26232(Pec0); TSCOUNa; 43CO; LrscoUnn,promo,discount_percent,нет,0,0,204,215,нет,нет,нет,нет,нет,нет,нет,нет,нет,нет,нет
track_00125,,159.59,нет,150.59,,нет,,,,нет,promo,standard,нет,0,0,174,129,нет,нет,нет,нет,нет,нет,нет,нет,нет,нет,нет
track_00154,,нет,нет,16.16,,10%,,,,нет,promo,discount_percent,нет,0,0,177,205,нет,нет,нет,нет,нет,нет,нет,нет,нет,нет,нет
track_00164,ОБАНСКАЯ КБАНСКАЯ ОЕАНСКАЯ CONНИUA Gea,нет,нет,10.10,,нет,,,,CONНИUA Gea; COПНИA; СONA; СОNЬНИЦА; COTA; еОПSИЦА; ЕOTSHЦA; 6en; (Pr); СОNЬнИЦA; 6ea; СОNЬИЦA; ОБАНСЦАЯ; Po)1L; EONSHAUA; ОYЕАНСЦАЯ; ЮYБАНСЦАЯ; СOПЫHAЦA; ЕОПЫНИЦА; Px)1L; D1L; 91L; BKнO; ВОЛЬНИЦА беЛ; ВОЛЬНИЦА Оел; ВОЛЬНИЦА; 6on; NCл.(Poссия; Nсл.(Pосси)1; Ncn.; wcn.; КY6АНCКАЯ; (PoсCия; (Россия; OCCMA; (оссHя)1L Б2; (РOсCия); Пaт; Пen; OCCMЯ); BK1O; BKO; (POCCMЯ); (POссия); Паусадн; БОЛЬЙИЦА; Палусаде; Палусадь; Пas,promo,standard; discount_percent,нет,0,0,240,248,нет,нет,нет,нет,нет,нет,нет,нет,нет,нет,нет
track_00165,GRILLMNE GRILLMINE GRILEWINE GRILLMIN,600.60,нет,1.61,,нет,,,,GL1POlL; 6e1о; GLIPoD; GLIPoo; 66о; GRILLMINIL; Cen; GRILLMN; 1PoUl; бано; GRILLMINI; GRLLMGN; GRILEWINI; (POKO)1L; 6o0; GRILLWINE; (PONO); (POO); GRILLWNE; орр; GRILLLMN; QL(Paoa); (Poco),promo,standard; discount_percent,нет,0,0,298,277,нет,нет,нет,нет,нет,нет,нет,нет,нет,нет,нет
track_00174,16TOK NTOKC LTSCO6an LTSCO6aT,114.95,нет,14.14,,нет,,,,косбеоем; 1GTO; N6TO; G338; (PocDa); (Pocca); LETSCO; 62un; SCO; мкосбалов; CSAN; CSAEN; Poxca) 33,promo,standard; discount_percent,нет,0,0,166,236,нет,нет,нет,нет,нет,нет,нет,нет,нет,нет,нет
track_00178,SE2E 11C1,421.99,нет,1.99,,нет,,,,нет,promo,standard,нет,0,0,176,262,нет,нет,нет,нет,нет,нет,нет,нет,нет,нет,нет
track_00183,3 поце 3поце отцень цень,,,,,нет,,,,291є; 3 поце; от цень; kap; kaр; щень,promo,standard,нет,0,0,175,237,нет,нет,нет,нет,нет,нет,нет,нет,нет,нет,нет
track_00208,,нет,нет,15.15,,нет,,,,нет,promo,standard,нет,0,0,183,201,нет,нет,нет,нет,нет,нет,нет,нет,нет,нет,нет
track_00214,,229.29,нет,29.29,,нет,,,,нет,promo,standard,нет,0,0,248,316,нет,нет,нет,нет,нет,нет,нет,нет,нет,нет,нет
track_00215,КРЫMСКИИ ВоКРЫМСКИИ Bxa TATMCUAH,1339.01,нет,13.39,,нет,,,,TATCUAH; КРЫМСКИИ; oeten; xen; сел; сеn; 2cn; Poccnl; ncn; АПMСUАH; крыискии; (Poccol1; TAПMСUАH; TAПMСUAH; сen; 0O0; с0рогрое; кepоe; cen; (Poccml16; (Poccol1L; AIMCUNH; BxO; TAПCUAH,promo,discount_percent; standard,нет,0,0,360,309,нет,нет,нет,нет,нет,нет,нет,нет,нет,нет,нет
track_00248,бжно SAHD МYНДАРИ МYТУНДАРИ,2293.53,нет,1.21,,нет,,,,МУКУНДАРИ; МYКУНДАРИ; НДАРИ; вуюне; me 6en; men6en; &en; Pomena; 6en; блHD; Ртeлa; y (Foco)1L; су (Foc)1L; су(Pocя)1L; cyFoco)1L; cya (Foco) 1L; Poco; ПYУНДАРИ; (F08)1L; ren; cy1; МУУНДАРИ; eren; (F0C0)1L; Peзтeлa; (P08)1L; Perena; TAFH; (Poc); (F0c); cyr; cyz; SHD; МYУНДАРИ; (F0C)1L; 2)1L; FcC,promo,standard,нет,0,0,278,248,нет,нет,нет,нет,нет,нет,нет,нет,нет,нет,нет
track_00256,ACTTET ACTTENT,,,,,17%,,,,нет,promo,discount_percent,нет,0,0,255,254,нет,нет,нет,нет,нет,нет,нет,нет,нет,нет,нет
track_00291,OEAHCAR OBAHCLAR KBAHCКAR КБАНСLАR,3122.99,нет,22.99,5100120,нет,,,,KOBAHCAR; КБАНСКАА; DОПЬНИВЛ; ВОПЫНИВА6; BОПЫНИЛC; ВОПыЛиа; ВОПЫНИЕА; ВОПЫНИА6; PoO; ссе; КEAНCAR; КБАНСАR; ВОПЬНИЕИ; ВОПЬНИИ; КБАНСЕАR; Pcol; Poccol; ВОПЫНИИ; KBAНCAR; КБAНСАR; ВОПЬНИЕА; ВОПЬНИА; РоС; Poca; PoCc; Р XEPEC; 4007S; 27S; Q7S; JQTS; OKT0; 0K0; ACTS; 5D0; MLTS; MTS; 2TS; 07S; CnHo; КУБАНСКАЯ; nHO; ВОЛЬНИЦА Беп.; ФОЛЬНИЦАБеп; БОЛЬНИЦА Беп; 6en.; ВОЛЬНИЦА Беп; ОЛЬНИЦА БеП; EMнO; УБАНСКАЯ; длпопмооо; сух.(Pоссия) 1L; сух.(Россия) 1L; .(Poccия) 1L; (Pоссия)1L; (POCCяя) 1L; сух.(Pоссяя)1L; GYX.; пмO; (PоссMя); CYL.; (РоCсяя) 1L; КУБАНСКЛЯ; Cyaoe; Cya; ОЛЬНИЦА; беn.; ВОЛЬНИЦА; УБАНСКЛЯ; (РоCCяя) 1L; беп.; BnнO; сух.(Россия); (PосcMя); сyх.; S000; S00; SA00; (Poсcnя); БОЛЬНИЦА; OCCRA); сYI; Bmнo; КУБАНСКAЯ; Bяо; БОЛЬНИЦА беп.; БОЛЬНИЦА 6еп; сух.(Poccия) 1L; сух.(Pосскя) 1L; (POCCн)1L; (POCCя) 1L; (PoCCRя) 1L; cyx.; Beнo; Bяo; (POCCKя) 1L; Cy0; Cyxoe; Cyxo; 2y30; (Poсскя); сух.; (PоCCкя) 1L; сух; Belo; Bao; 6еn.; ПОЛЬНИЦА; (Pосскя),promo,standard; discount_percent,нет,0,0,206,241,нет,нет,нет,нет,нет,нет,нет,нет,нет,нет,нет
track_00302,Мо-дра МО-дАРА оонзхри 0(F000011,23.26,нет,0.11,000011,22%,,,,МонзАри; Poe6.; Pе6.; 0y(Foco011L; 0(Fo00011; монзхри,promo,discount_percent,нет,0,0,280,254,нет,нет,нет,нет,нет,нет,нет,нет,нет,нет,нет
track_00303,Бено КЕАНСКАЯ КУЕАНСКАЯ КУБАНСЯ,1029.01,нет,1.12,,нет,,,,"БОПЬНИЦА БЕЛ; БОПЬНИША; Sar; бer; Е.но; Еено; КУБАНСЦАЯ; Cy (Poco; Cyt; Cy2; Pocox; Poco; КУБАНСАЯ; с, Po0о) 1L; БОПЬНИЦА; бan; бar; Poc; суе; сy (Poo); сyв; Po 1L; сy2; Po0 1L; Cyв",promo,standard,нет,0,0,218,247,нет,нет,нет,нет,нет,нет,нет,нет,нет,нет,нет
track_00316,NEMOLOKOY NEMCLOKOY Про NEMOLOKO,130.24,нет,24.10,,24%,,,,(PO6C)130; (PO6CMH)130; (POCCMH); Поо; yбм; gun; убнека; (POGCMH); Прое; gun enySma; NEMOLOKO Y; (POCCMH)130; gun enySn; gun eySnm; (POCCMM)130; (POGCMH)130,promo,discount_percent,нет,0,0,193,228,нет,нет,нет,нет,нет,нет,нет,нет,нет,нет,нет
track_00354,,3122.99,нет,22.99,312299,31%,,,,нет,promo,discount_percent,нет,0,0,265,249,нет,нет,нет,нет,нет,нет,нет,нет,нет,нет,нет
track_00355,Вно кф Вано кф доос Вно,3417.33,нет,0.75,341733,нет,,,,Вно кф; Вано кф; Фαеос; XEPEC; ХEPEC; Сза; оааХи; Вжно; хдХи; таеро; M10.75; Ma10.751; Фαос; Фαоc; И0751; ХЕРЕС; М079; саеро; Lpа1p0; Lp01; Сра 1ри; A0 751; М6.751; A675,promo,standard,нет,0,0,278,259,нет,нет,нет,нет,нет,нет,нет,нет,нет,нет,нет
track_00356,TAGE3 Созр201 3т3. 7ASO0,1794.99,нет,1.11,,36%,,,,TAGD; TUGEE5; 31E; —03 т3,promo,discount_percent,нет,0,0,283,264,нет,нет,нет,нет,нет,нет,нет,нет,нет,нет,нет
track_00366,,3191.93,нет,19.37,3191937,31%,,,,нет,promo,discount_percent,нет,0,0,295,277,нет,нет,нет,нет,нет,нет,нет,нет,нет,нет,нет
track_00384,,99.99,нет,9.93,,нет,,,,нет,promo,standard,нет,0,0,133,244,нет,нет,нет,нет,нет,нет,нет,нет,нет,нет,нет
track_00410,ETS,нет,нет,20.19,,20%,,,,нет,promo,discount_percent,нет,0,0,288,258,нет,нет,нет,нет,нет,нет,нет,нет,нет,нет,нет
track_00419,1OTO 01o O1O TOTO,1999.93,нет,1.01,,нет,,,,COTO,promo,standard,нет,0,0,301,264,нет,нет,нет,нет,нет,нет,нет,нет,нет,нет,нет
track_00422,RAZ,367.36,нет,17.94,,36%,,,,нет,promo,discount_percent,нет,0,0,230,277,нет,нет,нет,нет,нет,нет,нет,нет,нет,нет,нет
track_00433,WAZZS A1Z2,нет,нет,17.94,,36%,,,,нет,promo,discount_percent,нет,0,0,269,311,нет,нет,нет,нет,нет,нет,нет,нет,нет,нет,нет
track_00439,тOsатO 5OTO TOPOTO O50TO,1999.50,нет,19.99,,42%,,,,TOP0TO,promo,discount_percent,нет,0,0,330,283,нет,нет,нет,нет,нет,нет,нет,нет,нет,нет,нет
track_00455,о C L 7o,36.36,нет,17.99,,нет,,,,о C; L 7o,promo,discount_percent; standard,нет,0,0,299,281,нет,нет,нет,нет,нет,нет,нет,нет,нет,нет,нет
track_00456,,220.19,нет,20.19,,нет,,,,нет,promo,standard,нет,0,0,345,285,нет,нет,нет,нет,нет,нет,нет,нет,нет,нет,нет
track_00464,,4219.99,нет,19.99,421999,нет,,,,нет,promo,standard,нет,0,0,357,303,нет,нет,нет,нет,нет,нет,нет,нет,нет,нет,нет
track_00465,24S06 Cey 2аяс тя 2A2C Tя,1799.99,нет,2.22,,36%,,,,2аяс тя; 2A2C Tя; 2 TS; FepyеaтS; yaт; wa TS; атS,promo,discount_percent,нет,0,0,313,284,нет,нет,нет,нет,нет,нет,нет,нет,нет,нет,нет
track_00468,,2020.19,нет,20.19,202019,нет,,,,нет,promo,standard,нет,0,0,251,279,нет,нет,нет,нет,нет,нет,нет,нет,нет,нет,нет
track_00471,D.=0 peneoe Dn-o Daeopeene,7010.10,нет,10.10,01701010,42%,,,,Fes0woa1701010; Fe01701010; es0w0a1701010; рное 10 1010; Onunoen dee; -opeo; no 1o1o; (PC; D*о релно; Dореено; puttpoe; 1o 1oto; 0nnoe1e; Fusrpoe; On0oe01; On0ae1e; FN3*; 1*oрео; to 1o1o; Onnoes; FLN; F470*0 10 1010; F70*01701010; Daeopenenoe; F=*70*0170 1010; On.; FCJ-; PN-3L; PC0,promo,discount_percent,нет,0,0,332,304,нет,нет,нет,нет,нет,нет,нет,нет,нет,нет,нет
track_00473,BO BARROS R BO BARROS RL Bяo BARROS RLY феллое вецр,2020.19,нет,20.19,202019,20%,,,,Beо BAAROSRL; Bяко BAЯROS R; BD BAAROS R; cеоесецрое; pесоe cеup; BAЯROS RLI; Веэ; na come; nа сome; (Пoртyraлo) 0.752; (Пopтyran) 0.752; (Moртyraлo)c.75; (Mopтyraso)c.7s; BARROS; BAAROS RLI; (Пoртyгaлю) в. 75; BSROG; Caupoе; фесо; RA1S; ссты; G2R; (Пoртyraлю) в. 75; r12; r1S; сoзтое; ссзтоее; CCCO; (Пoртyraлo) в. 75; SELT; 04S; (Портплю) 0.75; BARROS RLD; Срсо П; CретНо п; CCTOв A; D6CT; вссрт; сс9тж; BARROSFLD; GC9T; ссpть; (Позтуглея)0.T3.; (Пoротля)8.T3; (Подтyтлея)0.T5; (Пoтyтлeя)C.TSL; FLDY; FDI; (Позттлея) о. т; Крсто-ов; срстновприо; Крстtо; сортж; (Подтутлея) 0.Т3; copт; сорт; (Подтуталия) 0.Т3L.; (Подтуталея)в.Т3.; 1r21; FD1; BARROG; LCTEO; (Подтутлея) в. тS; BO BARROS R; BO BARROS RL; Bяo BARROS RLY; феллое вецр; селлoе B; селлое пц; Bo BARROS RU; вncре; NACmE; впсвеи; Вnсве; ACТБИ; (Портуталю) .75L; (Портутал) в.75L; (Портуталю)в.75L; (Пoотyтло).75; BmO BARROS RLY; (Портутзяю) а. 7Я; феллжов; ваерое; аствеи; селллжое пецриое; феллжое; Пцро; (Порттзяю) в. 79; астьеи; (Портталю) в. 79; (Порттаяю) в. 79; 4E71; BARROS RUY; вдпортвеи; B4S; псдтвеии; сдртьеи; мсссе; (Пoртyгалo)0.75; (Портyгало) 0.75L; (Пoртyгло).754; Bmo BARROS RUy; 8mo; (Порттзлю)0.75L; DARROS; реллжое вцрое; феллжое вецрое; портьеи; реллжое беирое; Португаяо)в.75L; портвеи; портьеы; (Портгалю) в.75L; (Портутаяю) в.75L; C7U; Oce; SE1; 10E,promo,discount_percent,нет,0,0,303,268,нет,нет,нет,нет,нет,нет,нет,нет,нет,нет,нет
track_00476,Вино хрелпсно Вино хрелпснос Вино хрелено пикерноекW,8250.13,нет,0.99,670302133169,27%,,,,Вино хрелпснос; Вино хрелпсно; Вино хрелено; пикерное Кwу; пикерное кwи; ннкермо; Кпассик Ксил Руб; Классик Кеил Рубм; Кпассик Ксип; КпассикКсил; Классик Ксил Рубн; МаЛодое(ЮΛР)0.; (OΛP)0.; (OΛP); Вино реллснос; малодое; уанодоо; МαЛОдОе(ЮΛР)0.; 75L; песерное кwу; speancнoe; speancnoe; 8u0; Класси. Ксил Рубя; кwу; KwV; лмкерное; αЛОдое(ЮΛР)0.; Ксил Рубм; Классик Ксил Рубм; Кnaсcnк; (1ΛP)0.; манодое; ео613; Вино <репленос; Вино <репненос; nиерное кw; пиерное кw; иерное; Клссик Кенп Руби; Кпоссик Кенп Рубн; Клоссик Кенп Руби; поссик Кенп; Кпассик Кенп Руби; Py6; ино <репленос; малодое(ЮЛР)О.; МаЛедое(ЮЛР)О.; (OAP10.; маледое; анодое; мерное KWV; Пино <репленос; Пино<репленос; поссик Кенп Руби; nиерноеKw; nиернoеKWV; ьтоят; CЛодое(ЮΛР)0.; Кпссик Кенп Рубм; Кпоссик Кенп Руби; Cw5t; ST7U; CT7; МСЛОдОе(ЮЛР)О.; чап; чDTU; наTи; н2T; 27U302 733160; ьшдт; 05T; ь1T; цвти; 47U; Cust; шDтм; L7Ш; LDTU; сз—?; LDYU; Пина креппенос; Пина <репленос; Пина «реппенос; пикерное; пиерное; KWW; Кпоссик Кеип Рубн; Кпоссик Ксип; Кпассик Ксип Руби; Кпассик Кеил Рубн; Кпассик Ксил Рубя; МаЛодое(ЮАР)0.; (IOAP)0.; МаЛодое(ЮАР)О.; МСЛОДОе(ЮАР)О.; пи«ерноекуу; «рспnеное; креалснос; Кпассик Ксил Рубн; пиерноеку; пи«ерное ку; ьоти; КпассикКсип; Py6м; Сэс7; CU0; CTO; C70302133180; рть; C70302133160; оти; Вина «реппеное; Вина «реппенос; Кпассик Кеип Руби; Кпссик Кеип Рубн; Классик Кеип Руби; Вина «репленос; Классик Кеип Р; KnассихKеиnP; (OAP)0.; ианодое; иалодое; шСЛОДОе(ЮАР)0.; «реапснос; Пмна; Класськ Кеип Руби; nиерноекWу; nиерноекw; иСЛОДОе(ЮАР)О.; Классих Кеип Рубм; CaC1; МСЛОДОе(ЮАР)0.; C1a; Cta; DT4; GT4; 7U302133160; CCT; 005O5; LT8; LD74; царты; 029013-029в*; 5427T00505; L7S; 1аDт4; арты; (W); Г005о5; пиаерное; неерное; KWN; Классия Ксип Рубм; Ксил Руб; Классия Ксил Руб; Класси. Ксил Рубм; Классмя; n3cCMR; МОлОДое(ЮАР)0.; МОладОе(ЮАР)0.; (OAP)0; пеалсмое; МолОдос; онодос; ОЛОДОС(ЮАР)О.; кесрнос; реллсное; члеллсное; П-0; П-О; Рyбм; Ксип; n3ccM; пкасрнос; пкесрнос; ОЛОДОС(ЮАР)0.; Рyбm; Классия; Классив; APO.; цолодос; w0101010; ати; W01000010; оъти; орти; W01000; Ш0Щ,promo,discount_percent,нет,0,0,311,292,нет,нет,нет,нет,нет,нет,нет,нет,нет,нет,нет
track_00479,OBARROS Taemy wO BARROS Tamy BwMO BARROS Taemy крепленое ликедное,7000.10,нет,0.00,70001000010,36%,,,,"BинO BARROS Tawm; BиHO BARROS Taw; крепленое ликернсе; креппеное; pennehoe; оыд. портейн; BARROS Tawny; аьд. портейн; аыд. портейн; оыд. портьейн; HNO; (Португалия) 0. 751; Португалия)0.751; (Португали) 0.751; лнернсе; Tawny; Вино; реппеное; лиеернсе; портьейн; ь4.; Португалия) 0.751; портейн; цьд.; оьд.; C1G; (Португали); GTLOW; CTLOW; GTOW; 6e 0p; 6e0p1; C30TЫ; 47O3; E307Ы; оD1; OME; ор1ь; *25014; омнрощ; 9T0; 6 орть; е5ои; BuнO BARROS TaWmy; ино BARROS; BuHo BARROS Tawmy; крепленое лиерное; крепленое ливерное; репnеное; ниаернсе; оыд.портейн; оьд. портьейн; Португалия); BARROS Tawy; (Португаля)0.751; лияернсе; HOO; портсин; «репленое; крепленое; лиядрнсе; Сeодти; 1ортугаля) 0.751; оьд-; CTLD; CTLOM; CT LOM; (Португаля) 0.751; 6U0; Leодт; C.10; Le oдти; оpi6; Детнсоо; оpn; LDIM; C01010623; ЕМ0; Bино BARRO5 Tawп; 3ино BARRO5; BинO BARRO5; крепеиое пиернсе; penehoo; ьд.портиеин; ыд.портией; dд.портие; портвсйи; 3ино BARRO5 Tawт; (Португалия) 0. 75L; аьа.; Португалия)о.; (Португалия)0. 75L; пивернсе; BARROSTawm; BARROSTawmY; ретеное; портсйи; крепеное писернсе; крепеное пиерное; аыа.; EECMч; 07SL; (Поргугалия); nортuсёи; nортuceи; CUNO; аь.; CT UON; CT UO; CTUOA; 0.7SL; 75L; 2C1; 2C14; Lea esm; 6g16; 6g1ь; BwMO BARROS Taemy; wO BARROS Tamy; OBARROS Taemy; крепленое ликедное; enленoе; ликерное; выл, портиейи; внл. портиейн; портиейи; внл портиейи; портисйн; омл; оргугали)0.751; (Поргугали)0. 751; (Поргугалия) О. 751; (Поргугали) 0. 751; OARROS; Taeny; Лякеоноо; ВиЖо; Ляконоо; крллснос; колкеноо; оргуга)0.751; пмл; пмл.; (Поргугал) 0.751; (Поргугалис); E70001000010; W000000; BunO BARROS Tawny; креппеное ликерное; bennehoe; ниsепнсе; шыд. портейн; ьа.прртейн; иHO; аьма норлсеи; (Португалкя) 0. 751; (Португалкя) 0.751; (Пoрryгaлк)0.75L; BARROSTawy; Tavny; Виио; лиеермсе; оеппеное; портсйн; лиясрмсе; Португалкя)0.75L; ости,; аьд.; (Португалкя)0. 751; (Португалю); GTLOV; GTLOU; ЬOтu; K7081117; Сис; L6T; оети; оOIM; LOIM; LON; UOin; ъжли",promo,discount_percent,нет,0,0,294,264,нет,нет,нет,нет,нет,нет,нет,нет,нет,нет,нет
track_00482,C11 CU1,29.99,нет,21.05,,нет,,,,нет,promo,standard,нет,0,0,160,266,нет,нет,нет,нет,нет,нет,нет,нет,нет,нет,нет
track_00483,ьтети ьети LeаTи CaST,29.99,нет,0.99,5323700595,нет,,,,"ьести; етати,; юшид",promo,standard,нет,0,0,134,248,нет,нет,нет,нет,нет,нет,нет,нет,нет,нет,нет
track_00509,DHO BARROS Tany DHo BARROSTany BARGOS preoe,1529.99,нет,7.99,,36%,,,,"L y; DHO BARROS Tany; DHo BARROSTany; «pnеoe; nwaD; nарНOС; BARROSTaeny; ""1-451; [Пpryran)0.75L; [Пpryran) 0.75L; 7SL; (Пbpryгanoa) 0. 75L; пеаркос; Taeny; Dно; 27е6O2; паркос; ПарноС; ТOTTеHH; pneoe; pene; Q.7SL; ртугалю); тTеHH; тTеN; . 7SL; (Пьpryгan); (Пьprytanю)",promo,discount_percent,нет,0,0,306,281,нет,нет,нет,нет,нет,нет,нет,нет,нет,нет,нет
track_00511,Вм-о «р Bм=O рнoеKWу кwу,1529.99,нет,0.10,,27%,,,,Вм-о «р; sнKспuOC; Мисриос; KWW; Клоссия Ксют Руби; 13CCMNKC0; Ксют Рубм; Knассик; МОЛОДОC(КАР)0.; О1OДOC(КCAP)0; (KCAP)O.; каладое; Моладос; KОЛОДОС(КСАP)0.; нириос; CHOC; 75L; сно; Лм-О; Кст Рубю; кwV; пассия; Мириос; O1OДOC(КCAP)0.; Ксm Рубм; Рубм; KCn; Kn3ссня; Кnассия; (CAP)O.; (CAP)0.; маладос; коладос; 7T30; 3700 T230; 3700T230; 370T30,promo,discount_percent,нет,0,0,309,278,нет,нет,нет,нет,нет,нет,нет,нет,нет,нет,нет
track_00514,Вино «реллсное Вино«релленоп Вино «реллсноа Bино,28.31,нет,0.75,,24%,,,,"Вино «реллсное; Вино «реллсноа; ПиксриDO; пиксриое; ПИКЕРИОО ТIО ТОТО; «pеnnсnon; TIO; TO TOTO; TOTO; ОmpocoXepec; Ompoco; Xepec; DMнO; DинO; ПикериоO; бединарноо; бЕНарН00; бEИнapNOO; «penncnon; «pennenon; нарноO; rOTO; Mcna; 0.75L.; Mcnas; 0.75L; BикерисO; Bикериое; poco; 75L.; 2831""; 2631""; беленапеое; беденарное; cna",promo,discount_percent,нет,0,0,308,288,нет,нет,нет,нет,нет,нет,нет,нет,нет,нет,нет
track_00515,,1529.29,нет,15.29,,27%,,,,нет,promo,discount_percent,нет,0,0,361,298,нет,нет,нет,нет,нет,нет,нет,нет,нет,нет,нет
track_00521,O17е,1799.75,нет,2.32,271529,36%,,,,нет,promo,discount_percent,нет,0,0,314,267,нет,нет,нет,нет,нет,нет,нет,нет,нет,нет,нет
track_00528,TeTOE OTD TOTD TOTOTD,24.24,нет,19.99,,24%,,,,нет,promo,discount_percent,нет,0,0,285,287,нет,нет,нет,нет,нет,нет,нет,нет,нет,нет,нет
track_00536,,нет,нет,13.99,,нет,,,,нет,promo,standard,нет,0,0,281,295,нет,нет,нет,нет,нет,нет,нет,нет,нет,нет,нет
track_00537,EGE EC5 9е7S,2791.52,нет,152.52,279152,36%,,,,нет,promo,discount_percent,нет,0,0,327,271,нет,нет,нет,нет,нет,нет,нет,нет,нет,нет,нет
track_00542,,2519.99,нет,19.99,251999,нет,,,,нет,promo,standard,нет,0,0,337,311,нет,нет,нет,нет,нет,нет,нет,нет,нет,нет,нет
track_00545,,32.07,нет,0.00,,32%,,,,нет,promo,discount_percent,нет,0,0,237,282,нет,нет,нет,нет,нет,нет,нет,нет,нет,нет,нет
track_00548,XOPE XOFE 1OPE CCOO,34.32,нет,37.13,,нет,,,,пD-α; XEPE; rD-α; 1EPE; 13PE; 1PE; CDO,promo,standard,нет,0,0,216,242,нет,нет,нет,нет,нет,нет,нет,нет,нет,нет,нет
track_00550,Виио креппеное Виио крсппеное Вико креппеное ниеРнОе ПОРТОЕЙ,1867.99,нет,0.75,9010000010100,33%,,,,"Виио креппеное; Виио крсппеное; Вико креппеное; ниеРнОе ПОРТОЕЙ; нихерное ПОРТВЕЙН; ниерноо ПОРТВЕЙН; 1867 Десерт.; 1867 Дссерт.; орииар.кр.; ордииар. кр.; ордииар.кр.; (Узбекистан) 0.751; (Y36екиCTaM) 0.75L; (Y36екиCTM)0.751; (Yз6екистам) 0.75L; орииар. кр.; ликерноо ПОРТВЕЙН; Вико крсппеное; (Узбешистам) 0. 751; ниКерноо ПОРТВЕЙН; 1867Десерт.; (У3бекнста)0.751.; ориар. кр.; (Y36екнстам) 0.751.; (Y36енстам)0.751.; ДОЛИИАК; NoкоCMкMх; Kpuм 3Y Pocc.; 3Y Poc.; 37Y Pxс.; KOM; «р. (Poco6) 0. 75L; СОПГЧНАЯ; 0.75L; Крик ЗГУ Росс. вцсеря.; ер.; Kpen; р. (Росoэ) о. 7SL; ST1IA; Пееу; Вени; Лолкосмкмх; Kрет; ДОЛТИНА; ДОЛТИА; Згу Росс высеая.; Лолкоомк; Полкомк; Q.79L; C74; C7U4; C7U3N; ЗГУ Росс высеря; ЗГY Росс высерж; (PCCO; «p. (Poco) 0. 7SL; (PocOr)0. 7SL; E5013; еD,; 203020A47; ДОЛDИНA КО; КO 3ГУ Рокс.; KO3YPOCE.; СОПНЕЧНАЯ; KOu3Y; ЗГY ГOC вдерх; (Poco); KOU; (PoC0) 0. 75L; KOEFL; OTDHA; Лмно; Лно; Полeоrеs; KO0T; ьоти; ДОTDHA; ДОIDHA; ЗгY Госс вMдерх; Палeores; 1araorens; 4pa; ГOC вдерх; ГOCCBдеPX; Ctne; C1Ou; 37Y; cpru; LP1; Ьот4; (PoCD)0.75L; D000; Lq1u; LOu; сq1u; 01L0a; сpu; L0a; сPи; E2381301019; 37 PoL; Q.7; DNA; Ч2D; I7PL; 37PL; Q.т; е ПРасе; е Ръсе; Черня-йПолзоть; КOмм 3ГYРокЕ.; КOмм 3ГY Рокс.; KOMM 3ГY PeкE.; ЗгУ Рскс еадеря; р.(Poоя)0. 75L; (Pооя) 0. 75L; «р. (Pооя) 0.75L; KDu; ""p.; (Рохоя) Q. T5L; KLет; ЦOIMILA; Лолзсеньа; Kет.; ДОIИILA; ДОИИА; ЗГУ Рскс влдеря; Лолаогекох; Лолзогенох; 40p94; [Рохоя)0. T5L; ЗгУ Рокк. вддер; Рскс елдеря; З7У; KDM; CTUMU; CTM; C1M; 01UM; (Рооя) 0. 75L; Q. TSL; (PXOя); p1e; 40H; оти; 2Rp8; 21E102414472; отшми; C18; 01u; e10015'906913; 2p18; Cp8; 21E02e3472; 810015'906913",promo,discount_percent,нет,0,0,244,258,нет,нет,нет,нет,нет,нет,нет,нет,нет,нет,нет
track_00552,,нет,нет,13.99,,нет,,,,нет,promo,standard,нет,0,0,317,352,нет,нет,нет,нет,нет,нет,нет,нет,нет,нет,нет
track_00554,,43.37,нет,13.99,,нет,,,,нет,promo,standard,нет,0,0,284,270,нет,нет,нет,нет,нет,нет,нет,нет,нет,нет,нет
track_00557,ДиНО СОПНЕЧНАЯ ДОЛИНА Креп. ДОПИНА Креп. ливер.Крши 3ГУ,1399.99,нет,13.99,910015608968,31%,,,,"Каык ЗГУ Росс.; B721; сапечНЯ; CE2p; в74; (Poo; Дора; Дори; Кок, сегр; Кек, сгр; PaC; Чpуь; 4cpu; в 72; Каыв 3ГУ Росс. эс; Коыв 1ГУ Росс. зс; (Pe0e в 72; е (Pъое в 7у; Бо СОСРЕНАЯ; ВОГНА КХа; Ser; P73; ХриЗГУ; ПОГнАКХ; ВОГНАКЭа; Poxcoecxp; КриЗГУ; ХиЗГУ; 6er(P0a)0731; Pexccsxp; Рoxccсexp; (P0a)731; (Peo)атя; ВИНО СОЛНЕЧНАЯ; ДОЛИНА Креп.; ДОЛИНАКреП.; ликер. Крым ЭГу; КрШи3ГУ; КрШмЭП; Крыи ЗГУ; ниЕcр; ЛМЕСD; ЛMЕсD; nMcp; Рсссийскоо вмдсрж; Рсссийское выдсрж; Рсссийское выдера; Рсссийскоо выдера; BNНO; 6ел. (Рассия) 0.75L; 6ел.(Россия) 0.75L; бел.[Рассия) 0.75L; Рссснйское выдср; 1898""; (Рассия) 0. 75L; бел.; nМcp; Крыи ЭГУ; оыдерж; 3ГY; CDSтs; РсссHйско; Крыи; ncp; нMcp; OTLDH; CTLDHR; (Рассия); Рсссийскоо; оыаерж; оыдсрж; РсссHйскоо; 410015'990966; COSTS; 010015'958968; 75L; 6en.; (Pассия); 6еn.; ьоти; 27030281M870; 12301я; CDя; 010015'992966; 17030211M870; СОПНЕЧНАЯ; лисер.Крши ЗГу; КрW3ГУ; КршиЗГ; ниеcр.; nMECD; Российское выдерж; Рассийское выдсрж; Рассийсхое выдсря.; Kpen.; 6ел.(Pосся) 0.75L; 6ел. (Pоссмя) 0.75L; 6ел. (Россмя) 0.75L; 6ен.(Pосся) 0.15L; (POCCM) 0.1SL; рыи ЗГУ; Gen.; Kрen.; nuecp; и257; КрWи ЗГУ; ри ЗГУ; выдерж.; Рассийское; A07; (POcCK); Paccn; выдеря.; Cru; Crua; CxDе; cfua; 0.75L; 1SL; ben.; (POCCM); 910015G08968; LIOрT; Liorn; *3C1:; S23C1; CL9U; SISC1S; ДиНО СОПНЕЧНАЯ; ДОПИНА Креп.; ливер.Крши 3ГУ; ливер.Крши3Гу; ликер.Крмй3г; Крши 3У; ниер; Российскос видер; Российское видерж; Российское видерх; Российскос видерж; 6еn. (Pоссил) 0. 75L; 6еn. (Poссл) 0. 75L; 6ел. (Россия) 0. 75L; бел. (Россия) 0. 75L; Россяйское видсрх; ДОНИНА; беп. (Pоссил) 0. 75L; ДиHa; ДиHO; КрШ 3ГУ; ьот; ДОННА; вuдерх; Kp 3ГY; Кpш 3ГY; Россяйское; ниер.; crun; (Pоссия); видсрх; Buдcрх; бen.; Россяйсxое; Российское; STC01GGO; ST001SGG69SA; 8TS; S70015; 31001CG6908; 31001C06908",promo,discount_percent,нет,0,0,244,258,нет,нет,нет,нет,нет,нет,нет,нет,нет,нет,нет
track_00562,4OU СОП-ЕЧМАЯ EACSD Poc,1052.99,нет,3.99,0015006913,нет,,,,зГУ; KEM; чр. [Poсо) 0. 751; CО-Е4МАЯ; СО-Е4МАЯ; ДОГDA; ДOГDA; CAESD; 1олави; ПоOди; 75L; [PoCOs); 3ΓYPeCBAC; [PocCM)0.751.; [PocoM)0. 75L; еа.; 2SC; C015'906913,promo,discount_percent; standard,нет,0,0,309,335,нет,нет,нет,нет,нет,нет,нет,нет,нет,нет,нет
track_00564,Новинка,,,,,нет,,,,нет,promo,standard,нет,0,0,224,240,нет,нет,нет,нет,нет,нет,нет,нет,нет,нет,нет
track_00570,,нет,нет,11.99,,нет,,,,нет,promo,standard,нет,0,0,286,299,нет,нет,нет,нет,нет,нет,нет,нет,нет,нет,нет
track_00572,,нет,нет,3.99,,нет,,,,нет,promo,standard,нет,0,0,146,270,нет,нет,нет,нет,нет,нет,нет,нет,нет,нет,нет
track_00576,XOYEC XEPEC Hовинко Hовинка,,,,,нет,,,,Новинка; K2ш,promo,standard,нет,0,0,507,286,нет,нет,нет,нет,нет,нет,нет,нет,нет,нет,нет
track_00579,(S09T2-)10S (309T2-)14 IIO ARCoS Iny,401.19,нет,11.11,,40%,,,,JTOS; ARCS; ARCTS; -OS; DRCTS; -1O; IOS; ARCNSIn; ARCTS T; LET; ARCoS Iny; nCTT; TOS; (309T--); (3097--); npo; Apo; (nocme); (0oce; (309T)10S; (309T2)10S; nCYe; (aC9T); (0DT)TS; ARCOS; Tnpn; (09TT; MCa F; MeaF; (OT)TS; (09TTS; LCTT; 1em; 1Cm 1,promo,discount_percent; standard,нет,0,0,305,360,нет,нет,нет,нет,нет,нет,нет,нет,нет,нет,нет
track_00588,ВиНОССПНЕЧИАЯ ЕMноCC Емно CO ЕЧНАЯ,6075.07,нет,0.75,201197,31%,,,,Емно CO; Kpcn; Kocn; BMIO; КEWИЗГУ; EHM3Y; пиеер.; Pcссийсxоo; Рсссийскоо; Pccou; Рессийское выдер; BыCр; Рсссйское; 3ccp; BM3Px; 6еn.(Pcсся) 0.75L; 6ел.(Pcсся) 0.75L; 6еn.(Pcсея) 0.75L; 6еn.(Pссоя); ДОЛИНА; 0.7SL; ПНЕЧНАЯ; BMKO; 6en.; (PccOa); 0. 75L; КрШи ЗГУ; 1E9; nМcp; Pccon; KCXDO; nер.; (Pccca); Pcccn; 75L; BMPx; BыPж; CKоC; 7SL; 1E94,promo,discount_percent,нет,0,0,300,293,нет,нет,нет,нет,нет,нет,нет,нет,нет,нет,нет
track_00590,,3399.33,нет,13.99,331399,33%,,,,нет,promo,discount_percent,нет,0,0,372,292,нет,нет,нет,нет,нет,нет,нет,нет,нет,нет,нет
track_00593,,316.31,нет,12.99,,31%,,,,нет,promo,discount_percent,нет,0,0,250,288,нет,нет,нет,нет,нет,нет,нет,нет,нет,нет,нет
track_00599,,31.31,нет,12.99,,31%,,,,нет,promo,discount_percent,нет,0,0,389,350,нет,нет,нет,нет,нет,нет,нет,нет,нет,нет,нет
track_00604,P2027,1299.22,нет,12.99,,нет,,,,нет,promo,discount_percent; standard,нет,0,0,294,325,нет,нет,нет,нет,нет,нет,нет,нет,нет,нет,нет
track_00609,,1299.74,нет,12.99,,нет,,,,нет,promo,standard,нет,0,0,258,326,нет,нет,нет,нет,нет,нет,нет,нет,нет,нет,нет
track_00611,,297.13,нет,77.13,,нет,,,,нет,promo,standard,нет,0,0,493,421,нет,нет,нет,нет,нет,нет,нет,нет,нет,нет,нет
track_00615,BKHО BKHO БKHО BKнО,299.39,нет,0.72,,34%,,,,3оH.; Заонр. с.; Заонр. сn.; Заонр.сп.; БKнО; онс; иоон р. ст; Бжно; (PoCC)0.7L; (POCCx)0.72; (PoC0)0.7L; POC0K)0.72; 1Poc0K; (POC0K)0. 72; ПАСХАЛЬНЫЙ; 300н; ф. сп.; Заон; 3аон; ф сп.; (Росскя) 0. 7L; (Pос0) 0. 7L; cr.; (PoC0K)0.7L,promo,discount_percent,нет,0,0,227,242,нет,нет,нет,нет,нет,нет,нет,нет,нет,нет,нет
track_00617,00T9 00TE0,17.47,нет,1.57,,нет,,,,1.57c,promo,standard,нет,0,0,160,214,нет,нет,нет,нет,нет,нет,нет,нет,нет,нет,нет
track_00619,СОПНЕЧИДЯ 1Pe90a1274 Fac TPe90a1274,1299.99,нет,0.12,,31%,,,,EKc; EKKC; СОПНЕЧИШЯ; вапина; ватхна; CXD7; CADT; FeaC; Fсосо с; P0012.79; IPes012.74; СОПНЕЧИАЯ; KCO; Pes012.74,promo,discount_percent,нет,0,0,212,350,нет,нет,нет,нет,нет,нет,нет,нет,нет,нет,нет
track_00624,Виио «рсппсное Вино креппсное Виио крсппсное пикерное АГЦАМ,1399.99,нет,0.75,1707152049,16%,зсин,,,"Вино «рспленое; пиксрное АГДАМ; пикерное АГДАЫ; Портейн Резери; Порписйи Резеро; Порпиейи Резеро; держ.6ел.; мыдерж.6ел; одерж.бел; шдерж6ел; оыдерж бел; Вино «рсплтное; (Азербайдн) 0.75L; (Азербайдан) 0.75L; (Азсрбайдн) 0.75L; (Азсрбайдан) 0.75L; (Азсрбайдан)0. 75L; Портисйи Резсро; никсрноо; ПортисииРезсро; Портисии; 0ыдерж; Pe3cpn; (Азсрбайдсн) 0. 75L; 0nерж.; 27L; оыдерж; 6en; 27U; (Азсрбайдн)0. 75L; (зсрбайдсн)0.75L; Виио «рсплсное; Виио «рспленое; ликерное; AΓDAN; ликерноо; лнкерное; Dмно; Портейн; Pe3cpa; Портей; крсппсмое; Партзсин; ПоттсмнРезса; Рсзспш; выдерж. бел.; выДерж; бел.; ien; Иыдерж; АΓДАN; (Азсрбайдан) 0.751; пикерное; DM1O; «рспnoмое; 6cn; (Азсрбайдан); 0.75L; крсппсное; иыдсрж; АΓДАН; АГДАН; Peзcpu; Портсйн; Pe3cpu; Партейн; Иыдепж; Иыерж; BыдеПж; aTе; aTUCe; TUO6; (Азсрбайдан)0.75L; (Азсрбайдюан); CEL; CTU; Вино креппсное; Виио «рсппсное; Виио крсппсное; пикерное АГЦАМ; Вино «реплсное; Портисин Резери; Портиеин Резери; Портисwn Pезерn; Поттсея Рсзсри; иерж.беn; шерж.6ел; шыдерж.6ел; шыдержбел; шдержбел; (Азрбайджн) 0.75L; (Азсрбайджн)0.751; (Азрбайджн) 0,75L; (Азрбайджн)0,75L; Вяно крсплсное; Вяио «рсплснос; пикЕрное АГДАN; (Азсрбайдсн)0.75L; ПортисинPeзсp; никерное; пикЕрноеАГЦАМ; АГIAN; uepж; Geл; Портисин; Поттисин; Pc3cp1; Pсзсp; (Азсрбайдон)0.75L; uдepx; еpx; Gen; бел; Вино крсплемсе; Вино «рсплемсе; Вино креплемое; ΑΓILAM; ΑΓIΛM; Портейи; Порттейн Резсри; крсnломсе; Порттейн; Dюно; Портсин; Ргзсрц; аыnерx; аынерж; аыnерж; бen; нылерж; ΑΓAM; (АзсрбайдОн) 0.751; (Азсрбайдан)0.75; (АзсрбайдЭн) 0.751; бсп; вьдерж; хрeппомсе; «pcппомае; Dино; ΑΓΛM; Рeзсpu; вьnерж; бсл; CTLE3; CTЦЕ; CTЕЫ; выnерж; СTЦЕЫ; Bыnерж; 0.7SL; LESa; Еиио креплсное; Вино греплсное; ниЕерное АГДАМ; ниерноеАГПАМ; Вино креплсное; Портиейн Резсри; Портисин Резсра; ортеинPезсри; вnерx; anерx; «ыдерх6еn; Bwaepx; ben; epx; (Азсрбайдан) 0,75L; Вино крсплсное; бen.; (Азербайан; ниЕорнОС АГДАЫ; (Азербайдан) 0. 75L; Портиейн Рсзсри; ПиЕорнОСАГДАЫ; ниеерноа; АΓДАЫ; a0epx; беn.; (Аербадан) 0. 75L; nepx; Gen.; (Аербадн) 0. 75L; H00",promo,discount_percent,нет,0,0,191,224,нет,нет,нет,нет,нет,нет,нет,нет,нет,нет,нет
track_00640,СПЕАЯ СППЕААЯ Цеo пpнe ДОЛИАКИОР,34.99,нет,0.72,,34%,,,,"Цеo пpнe; ДОЛИАКОР; ДОЛИА; Larep; COПСаAЯ; 3TYA; ернареи; la пpe; p.(Pcc)0.72.; xp (Pocc)0.752; p.(Pcc)0.752; leoпpe; p.(P0cc)0.71; тр босо)а г; ПОЛИАКР; сOДсаЯ; оро; отеарени; 1368""; , ЗГУ крыы; раоеакя; ПОЛЮАОР; ПОЛИАКАОР; чрОоо)а га; 31Y кры; 3ГУ Арые; Pосся; Pасся; (о)а га; ур оосо)а га; C01101; йею сьро; сслсчия; иеь; 4p.(Pex24)0 7121; Йео сьлро; (Pectud; etad; (P) 0 та; сьо; CсЛсиЯ; DOПAIA; сслеая; еристо; еиет; ДОПААСТ; ДОПАЛ СТ; .(Pd; TSL; Poccndcno; Poccnc; ер.; eр. Pс; о тиL; (Pe) & 72; 00TO; ПРE; Ца пивсте; 1ОЛЮАКО; 1ОЛЮАКО0; сате-еая; тее я и; qp. (Pxc)0 1; p.(Pxcs)021; p.(Pxcs)01; 4p.(Pxs)022; и(Фхсм) о г2; (PxCes) 0 г2; ПОЛЮАОО; сатечея; сатечеая; 13621*; Зт7 кдшо; Pco; ПОЛЮАК0О; ПОЛА; 1364*; ф(Pхся) 0 га; , 3т7 ко; 3т7 ко; Псысе; Пкоыс; и(Пхсм) 0 г2; (Pхсs)0 г2; 13641*; ПОЛИНАКе; ДОЛИНАКеО; loa; lae; СОЛеаАЯ; arY; пире; .(Poc); (ocE); ПОЛИНА; Karep; СОMеаАЯ; СОМеаАЯ; АОЛИНА; 3ГYКM; (POcs); Псснокя; псoакя; ота; 3ГY14; 3ГYM; (POCEs); (PoCEas); о.та; 0.т2; CONE; ДОПИАКО; ДОЛИАКО; AALOp; llaia; llaig; 31Y; СОпНдААЯ; FPOE; RRPо; p.(PocEas); .(Pocs); (Pos)a.7a.; ПRA; ереяренке; Lareg; ерnее; сопдАаЯ; AОПИА; ΛОПИА; 3ГYКы; (PocLs)0. 73.; Pс0 3ГY1ры; пKса; 3ГYКры; p(PocLs)0.72.; p(PocLs)0.73.; 0I11",promo,discount_percent,нет,0,0,223,237,нет,нет,нет,нет,нет,нет,нет,нет,нет,нет,нет
track_00642,1E1 DTWN 001E1 0101E1,19.99,нет,0.00,10101010,нет,,,,"303""; OYT",promo,standard,нет,0,0,119,216,нет,нет,нет,нет,нет,нет,нет,нет,нет,нет,нет
track_00652,D21 75L .75L,751.75,нет,16.34,,нет,,,,нет,promo,standard,нет,0,0,154,250,нет,нет,нет,нет,нет,нет,нет,нет,нет,нет,нет
track_00661,Вино «рсплсное Вино «рсппеное Вино «рспленое пикерное АГДАМ,2793.41,нет,0.75,27441217063,16%,,,,"Вино «феплен; Вино феплонсе; ПИКеРНОСАГПАМ; Вино «реленсе; ПореРеер; ПaрenPe; ПортенРеоер; Igepoe; Mgep.; hoem; gem; ben; Gen; naepo Gen; Вино «рстленсе; Вино«рслонсе; пикериос; (A3p)0.751; (A3pn); (A3pn)0.751; A3pEna; АГПАМ; (Aр)0.75L; Партон Ресро; пикернос АГДАМ; ПикерносАГДАМ; cp6en; Портон Ресро; (A)0.751; icp Gen; ep6en; (Ap)0.75; (Apn)0.75L; Вино «рсппеное; Вино «рсплсное; Вино «рспленое; пикерное АГДАМ; пикерноеАГДАМ; Портиеи Резери; ПортиеииРезсрн; Портиейи Резсри; Выно «рсппсное; ореwи Резсри; Портисеи Рссрн; шержбел.; шдерж бел.; шшерх; шдерхбел.; шщерх бел.; (Арбзн) 0.75L; (Арбан) 0.75L; (Аерб3н) 0.75L; (А2ер63ан) 0.75L; ПеРнОеАГДАН; Вено «рсппсное; (Абн) 0.75L; Портиси Рсзсрн; пиернОеАГДАН; пиерное АГДАН; Портиси Резсри; Портиси Рсзсри; бел.; (Аербан) 0. 75L; TLET; I7LE7; шдер бел.; ILET; 0LE7; шщерх; (Ар6н) 0. 75L; Вино «репленое; Вино «реплсное; лиерное АГДАМ; ликерное АГДАМ; Портиейи Резерн; Портиейи Резери; Выно «реллснос; Поттисёи Резери; mepx6ел.; шnерx; шдерж 6ел; шдерх; 6en.; 6en; шыдерх бел; (Азерб3н) 0.75L; (А3ерб3н) 0.75L; (Азербзйан) 0.751; (Азербзйдан) 0.75L; литрноеАГДАН; Вено «реллснос; (А3ерб3ан) 0.75L; Портисии; пирноеАГДАН; Рexepu; mер×бел; (А30рб3н) 0.79L; 1O7 LE7; 7LET4; 107LE744; 07LE; mерx; mербеn.; бсл; (А3ербан) 0.79L; 107L274; 127L74; 107L24; 107L474; Вино «рсллсное; Вино «релленое; AGDAM; лИЖРНОеАГДАМ; лижрное; ликерноеАГДАМ; АГДАМ; лирное; Портиейи Резсрв; Портей; Портие; Pe3cpu; шыдержбел.; вьдерх; беn,; вьщерх; оьдерж; беn.; AGDAN; Вмно; (А3ербзан) 0.75L; (А3ерб3ан)0.75L; «реллсное; крсллсное; (A3ep63; aH); Внно; креллснос; (Азербзйан) 0.75L; Pescpu; Поттисён; АGДАN; лишрное; Портисйи; АГDАN; (Азербзйан)0.; 6еn.; 7SL; бсл,; вьдерж; 0TLC; (Азерб3йан)0.; 75L; бсл.; (Азсрбзйуан); . 75L; LAHL; Вино крепленое; Виио <реплсное; никерноеАГДАМ; Выно «реплснос; Портиейи Резсрн; Поттисни Резсри; шдерж 6ел.; шepж6ел.; шдерж6ел.; шдерх бсл.; (Азерб3йан) 0.75L; (A30р63йан); (Азербайдан) 0.75L; (Азербайан) 0.75L; лирноеАГДАН; Выно «рсплсное; 0.75L; (А3ерб3ан) 0.79L; Портисии Резсри; лишрноеАГДАМ; mep6еn.; 07 LEH; 0T L; шерx; (Азербайан) 0. 75L; (А3ерб3ан) 0. 75L; 0TLN; 07L0; 1TLCN; 107L",promo,discount_percent,нет,0,0,223,226,нет,нет,нет,нет,нет,нет,нет,нет,нет,нет,нет
track_00664,Алеритио SIBSA Алеритид SIBSA Саджу со вхусом AnepATMD SIBSA,219.99,нет,0.37,234303115073,14%,,,,АnерKtиa SIBSA; Anерtиn SIBSA; AnCDNTMD SIBSA; Caу сo сусоu; Cacay; Саоу со сусои; cO cyCou; гроипфрута д; греилфрута длх; Саожу со сусои; АAсДктиД; Аnсрктиа; 14%(PoCC)0.375L; (Pоссt); 0.J75L; СaSxy; Сaзжу со; ycou; сусou; 14%(PocC)0.J75L; попфрута алх; покпфрут; зву; алх; 14%(PocC) 0.375L; 14%(PocC) 0.J75L; Anepиtиo SIDSA; Aлepитиo SIDSA; Алepитио SIDSA; AnCPRTHD SIDSA; Саджу со вхусом; Саджу со вусом; грейпфрута алк.; Саджу со мусоц; 14% (РОССИЯ) 0. 375L; 14%(РОССИЯ) 0. 375L; 14%(PоССИЯ) 0. 375L; AnCpMTHD SIDSA; (Россия) о. 375L; Садку со мусом; Саджу со мусом; 14%(PоCC)0.375L; грейпфрута алх.; грейпфруто алк.; ооЗ; 14%(PоCC) 0.375L; CTUMM; CTUDM; CTUЖ; CTU>M; CTUX; сDть; L24; 0TAP0R; CDT; 0TAPOR; Aлepитиo SIBSA; Anepитиo SIDSA; Алeритио SIDSA; AnepMTHD SIDSA; Саджу со пусом; Садку со мусоц; AnеpMTиD; 14%(POCCm)0.375L; 14%(PoCCH9); 14%(POCCИM) 0.375L; Алеритио; 0.375L; Саду со мусоц; грсйпфруто алх.; Садеу со мусоц; грсйпфруто алк.; L2364; CTU34; 01AP0R; C2101; 014P0R; юитл; 01APR; Алеритио SIBSA; Алеритид SIBSA; AnepATMD SIBSA; грсипфрута ал; грсйпфрута алк.; грсипфрута алк.; 14%(PОCСИя) 0. 375L; 14% (РОCСИЯ) 0. 375L; 14%(POCCИя) 0.375L; 14%(POCCMM) 0.375L; 14%(РоCCMя) 0.375L; сош; гсйпфрута алк.; 14%(PоCCИя) 0.375L; Псйпфрута алк.; 14%(POCCMя)0.375L; 14%(POCCMя) 0.375L; Аnepитиo SIBSA; Алеритио SIDSA; AnepRTHD SIOSA; Саджусо виусом; грейпфрута ал.; грейпфрута ал..; Содусо виусом; AnepMTHD SIOSA; Аnepктио; 14%(РОССИЯ) 0.375L; 14%(POCСИЯ)0.375L; оссия) а. 375L; грсйпфрута алц.; Саду со вусом; Соджу со вусом; грейпфрута алц.; 14%(РоСCия) 0. 375L; C72; пАеОл; лаеал; NEARON,promo,discount_percent,нет,0,0,194,225,нет,нет,нет,нет,нет,нет,нет,нет,нет,нет,нет
